raw_name,DTXSID
"Bismuth Telluride, Se Doped",DTXSID90894839
Chlorine Trifluoride,DTXSID90893948
trans-Decahydronaphthalene,DTXSID90883405
Acid Yellow 42,DTXSID90881406
Phenyl Ether-Biphenyl Mix (Vapor),DTXSID9073387
"Platinum (as Pt), metal",DTXSID9064681
"2,5-Dichloro-4-Nitroaniline",DTXSID9064425
2-Ethylnaphthalene,DTXSID9061330
Thoron,DTXSID9059624
Difluorodibromomethane,DTXSID9058789
"2,6-Diisopropylphenyl isocyanate",DTXSID9051959
Manganese Tetroxide (as Mn),DTXSID9051660
Limestone (Total Dust),DTXSID9050486
Limestone (Respirable Fraction),DTXSID9050486
Calcium,DTXSID9050484
Potassium,DTXSID9049748
Magnesium Oxide Fume (Total Particulate),DTXSID9049665
Etoposide Phosphate,DTXSID9048645
Phosphorus Pentoxide,DTXSID9047754
4-Phenylcyclohexene,DTXSID9047176
Hexafluoroacetone,DTXSID9043778
Tetrasodium Pyrophosphate,DTXSID9042465
4-Nitrodiphenyl,DTXSID9041522
4-Nitrobipheny,DTXSID9041522
Trypsin,DTXSID9040922
Allyl Glycidyl Ether,DTXSID9039232
Cyclohexene,DTXSID9038717
Sodium Tripolyphosphate,DTXSID9036307
Potassium p-tert-amylphenate,DTXSID9035757
Gypsum (Total Dust),DTXSID9035674
Gypsum (Respirable Fraction),DTXSID9035674
Diallyl Disulfide,DTXSID9035206
Sulfuryl Fluoride,DTXSID9034945
Sulfur,DTXSID9034941
Monocrotophos,DTXSID9034816
Cyanamide,DTXSID9034490
5-Chloro-2-Methyl-4-Isothiazolin-3-One,DTXSID9034286
Phosphorus Pentachloride,DTXSID9033896
Pentac,DTXSID9032371
Ficam,DTXSID9032327
"Silica, Amorphous, Precipitated and Gel",DTXSID9029851
Calcium Sulfate (Total Dust),DTXSID9029699
Calcium Sulfate (Respirable Fraction),DTXSID9029699
Sodium Hydrosulfite,DTXSID9029697
"m-Xylene-alpha,alpha'-diamine",DTXSID9029649
Hydrogen,DTXSID9029643
4-Methyl Morpholine,DTXSID9029146
Methylcyclopentadienyl Manganese Tricarbonyl,DTXSID9027738
Methylcyclopentadienyl Manganese Tricarbonyl (as Mn),DTXSID9027738
Ammonium Carbamate,DTXSID9027360
N-Hydroxyethylethylenediaminetriacetate Trisodium salt,DTXSID9027075
Diethylene Glycol Monobutyl Ether Acetate,DTXSID9027021
"Diethylene Glycol Monobutyl Ether, Acetate",DTXSID9027021
"N,N-Dimethylcyclohexylamine",DTXSID9026633
Benzoyl Chloride,DTXSID9026631
Dimethyl Sulfide,DTXSID9026398
Ethyl Mercaptan,DTXSID9026394
Nonane,DTXSID9025796
alpha-Methyl Styrene,DTXSID9025661
6-Methylcoumarin,DTXSID9025588
Isoamyl Acetate,DTXSID9025453
Dicyclopentadienyl Iron (Respirable Fraction),DTXSID9025326
2-Ethylhexyl acrylate,DTXSID9025297
2-Ethylhexanoic acid,DTXSID9025293
"2,3-Dimethylbutane",DTXSID9025112
Diisopropylamine,DTXSID9025085
Diborane,DTXSID9024938
n-Butyl Glycidyl Ether,DTXSID9024691
Benzenesulfonic Acid,DTXSID9024568
MCPP,DTXSID9024194
Hydrogen Cyanide,DTXSID9024148
Cyclonite,DTXSID9024142
Dicrotophos,DTXSID9023914
Sodium Bromate,DTXSID9023837
Triethylenetetramine,DTXSID9023702
Paclitaxel,DTXSID9023413
Norethindrone,DTXSID9023380
MORPHINE,DTXSID9023336
Estriol,DTXSID9022366
ESTRIOL,DTXSID9022366
2-Phenoxyethanol,DTXSID9021976
2-Ethoxyethyl Acetate,DTXSID9021928
Pyridine,DTXSID9021924
2-methylpyridine,DTXSID9021899
3-methylpyridine,DTXSID9021897
Phenyl Ether (Vapor),DTXSID9021847
Monomethyl Aniline,DTXSID9021841
sec-Butyl Alcohol,DTXSID9021762
Undecane,DTXSID9021689
Isobutyraldehyde,DTXSID9021635
Triethanolamine,DTXSID9021392
Thiourea,DTXSID9021348
Pyrimethamine,DTXSID9021217
p-Phenylene Diamine,DTXSID9021138
p-Phenylenediamine,DTXSID9021138
Methyl Naphthalene,DTXSID9020877
Methoxychlor (Total Dust),DTXSID9020827
Maneb,DTXSID9020794
Isobutylene,DTXSID9020748
Ethyl Alcohol,DTXSID9020584
N-Nitrosodiamylamine,DTXSID9020536
Dioxathion,DTXSID9020534
Dieldrin,DTXSID9020453
"Dibenz(a,h)anthracene",DTXSID9020409
Diazinon,DTXSID9020407
"p,p'-Dichlorodiphenyldichloroethylene",DTXSID9020374
"Ethyl-4,4'-Dichlorobenzilate",DTXSID9020299
o-Chlorobenzylidene Malononitrile,DTXSID9020297
p-Chloroaniline,DTXSID9020295
alpha-Chloroacetophenone,DTXSID9020293
Carbofuran,DTXSID9020249
Carbaryl,DTXSID9020247
Captan,DTXSID9020243
CAPSAICIN,DTXSID9020241
Capsaicin,DTXSID9020241
Dichloroethyl Ether,DTXSID9020168
Bifenthrin,DTXSID9020160
Atrazine,DTXSID9020112
Sodium Metasilicate,DTXSID901354041
Marble (Respirable Fraction),DTXSID90109374
Marble (Total Dust),DTXSID90109374
Perlite (Total Dust),DTXSID901026428
Nitrotoluene,DTXSID901010229
Lithium Hydride,DTXSID80893078
Ethyl Vinyl Benzene,DTXSID80891150
Decaborane,DTXSID80880049
Trichloronaphthalene,DTXSID80872601
DESFLURANE,DTXSID80866606
Desflurane,DTXSID80866606
Hafnium,DTXSID8064698
"Tantalum (metal, oxide dusts)",DTXSID8064690
"2-(2,4-Dinitrophenoxy)ethanol",DTXSID8062656
4-Hydroxycoumarin,DTXSID8061472
Carbon Tetrabromide,DTXSID8060327
Acridine,DTXSID8059766
3-Methylpentane,DTXSID8052647
Zinc Bromide,DTXSID8052512
Vinyl Alcohol,DTXSID8051467
Portland Cement (Total Dust),DTXSID8050493
Portland Cement (Respirable Fraction),DTXSID8050493
Perchloric Acid,DTXSID8047004
Methyl Violet,DTXSID8046666
SEVOFLURANE,DTXSID8046614
TETRAHYDROFURFURYL ACRYLATE,DTXSID8044884
Vincristine Sulfate,DTXSID8044331
Indene,DTXSID8042052
Terpineol,DTXSID8040775
Benzaldehyde,DTXSID8039241
Allethrin,DTXSID8035180
Sodium Bisulfite,DTXSID8034902
Pyrethrum,DTXSID8034873
Denatonium Benzoate,DTXSID8034376
Isofenphos,DTXSID8032417
Perfluorooctanoic acid,DTXSID8031865
Fluoboric Acid,DTXSID8029739
dipropylene glycol mono-n-butyl ether,DTXSID8027959
Ethyl Toluene (all isomers),DTXSID8027876
Zinc Protoporphyrin,DTXSID80274823
Dimethylaniline,DTXSID8027377
Xylidine,DTXSID8027377
Xylenol,DTXSID8027375
4-Nitrodiphenylamine,DTXSID8027323
2-Amino-2-Methylpropanol,DTXSID8027032
Methyl Ether,DTXSID8026937
Octadecanol,DTXSID8026935
"4,4'-Dithiodimorpholine",DTXSID8026698
Ethyl Hexyl Acetate,DTXSID8026694
Thiophene,DTXSID8026145
Thioglycolic Acid,DTXSID8026141
Propionic Acid,DTXSID8025961
Ethylamine,DTXSID8025678
Methylene bis Thiocyanate,DTXSID8025599
N-Methyldiethanolamine,DTXSID8025591
Methane,DTXSID8025545
Oxydemeton-Methyl,DTXSID8025541
2-METHYLBUTANE (ISOPENTANE),DTXSID8025468
2-Methylbutane,DTXSID8025468
Formamide,DTXSID8025337
Disperse Blue 7,DTXSID8025208
Dimethyl Adipate,DTXSID8025096
Dichloroisocyanuric Acid,DTXSID8024993
Crotonaldehyde,DTXSID8024864
p-Chlorotoluene,DTXSID8024814
Allyl Propyl Disulfide,DTXSID8024448
Sodium Fluoroacetate,DTXSID8024311
Propylene Imine,DTXSID8024286
Oryzalin,DTXSID8024238
Octabromodiphenyl Ether,DTXSID8024236
Fluorene,DTXSID8024105
o-Chlorotoluene,DTXSID8023977
Barium (Insoluble Compounds),DTXSID8023894
Orthene,DTXSID8023846
L-THYROXINE,DTXSID8023214
Betamethasone Acetate,DTXSID8022668
TESTOSTERONE,DTXSID8022371
Testosterone,DTXSID8022371
Dehydroabietic Acid,DTXSID8022163
Hexyl Alcohol,DTXSID8021931
"N,N-Diethylaniline",DTXSID8021800
Stearic Acid,DTXSID8021642
DIETHYLENE GLYCOL MONOBUTYL ETHER (BUTYL CARBITOL),DTXSID8021519
Butyl Carbitol,DTXSID8021519
Butyric Acid,DTXSID8021515
Butyraldehyde,DTXSID8021513
Phthalic Acid,DTXSID8021484
Acetone,DTXSID8021482
Vinylidene Chloride,DTXSID8021438
Vinyl Chloride (ACTION LEVEL),DTXSID8021434
Vinyl Chloride (PEL),DTXSID8021434
Vinyl Chloride,DTXSID8021434
Vinyl Bromide,DTXSID8021432
Phenylhydrazine,DTXSID8021147
Phenyl Glycidyl Ether,DTXSID8021145
Nitrous Oxide,DTXSID8021066
N-Nitrosopyrrolidine,DTXSID8021062
N-Nitrosopiperidine,DTXSID8021060
Nitroethane,DTXSID8020969
p-Nitroaniline,DTXSID8020961
ANTU,DTXSID8020919
Naphthalene,DTXSID8020913
Methyl Bromide,DTXSID8020832
Isophorone,DTXSID8020759
Ferric Chloride,DTXSID8020622
Fenthion,DTXSID8020620
Ethyleneimine,DTXSID8020599
Ethylene Glycol,DTXSID8020597
"ETHYLENE GLYCOL, VAPOR",DTXSID8020597
"5,5-Diphenylhydantoin",DTXSID8020541
Diethylene Glycol,DTXSID8020462
Carbon Tetrachloride,DTXSID8020250
tert-Butyl Alcohol,DTXSID8020204
Diisopropanolamine,DTXSID8020179
Bis(Chloromethyl) Ether,DTXSID8020173
Sodium Azide (as HN3),DTXSID8020121
Sodium Azide (as NaN3),DTXSID8020121
Aniline,DTXSID8020090
Allyl Alcohol,DTXSID8020044
Aldrin,DTXSID8020040
N-Nitroso-N-propyl-n-butylamine,DTXSID80180076
Lithium Hydroxide,DTXSID70893845
Scopolamine methyl nitrate,DTXSID70891260
Ammonium Dichromate,DTXSID70872953
Tetrachloronaphthalene,DTXSID70872599
4-Octene,DTXSID70860875
Cesium Hydroxide,DTXSID7066699
Carbonyl Fluoride,DTXSID7059858
Diaminocyclohexane,DTXSID70591233
Germanium Tetrahydride,DTXSID7052521
Dichloromonofluoromethane,DTXSID7052498
o-Tolyl Isocyanate,DTXSID7052286
"2,6-Dimethylpyridine",DTXSID7051557
Carbon Black,DTXSID7051216
Tetryl,DTXSID7047770
Zinc Chromate,DTXSID7047485
Papain,DTXSID7044184
Auramine,DTXSID7043821
n-Butyl Lactate,DTXSID7042196
Boron Trifluoride,DTXSID7041677
Mavrik,DTXSID7037555
Cadusafos,DTXSID7037505
Helium,DTXSID7036402
Zinc Oxide (Total Dust),DTXSID7035016
Zinc Oxide (Respirable Fraction),DTXSID7035016
Zinc Oxide Fume,DTXSID7035016
Zinc,DTXSID7035012
Iodine,DTXSID7034672
Calcium Hydroxide,DTXSID7034410
Calcium Hydroxide (Total Dust),DTXSID7034410
Boron Oxide (Total Dust),DTXSID7034387
FLUMIOXAZIN,DTXSID7032555
Landrin,DTXSID7032503
Safrotin,DTXSID7032470
Fenoxycarb,DTXSID7032393
2-Bromopropane,DTXSID7030197
Tripropylene Glycol Diacrylate,DTXSID7028015
Paraffin Wax Fume,DTXSID7027673
Zinc Stearate (Respirable Fraction),DTXSID7027209
Zinc Stearate (Total Dust),DTXSID7027209
Octamethylcyclotetrasiloxane,DTXSID7027205
beta-Pinene,DTXSID7027049
Dodecyl Benzene,DTXSID7026994
Phenyl Mercaptan,DTXSID7026811
N-tert-Butyl-2-Benzothiazolesulfenamide,DTXSID7026572
Trimellitic Anhydride,DTXSID7026235
"Toluene-2,4-Diisocyanate (TDI)",DTXSID7026156
Tetraethylenepentamine,DTXSID7026108
"2,4,5-T, Butyl Ester",DTXSID7026073
Methylamine,DTXSID7025683
Methoxyflurane,DTXSID7025556
AMINOETHYLETHANOLAMINE,DTXSID7025423
Triazinetriethanol,DTXSID7025394
Methylene bisphenyl isocyanate,DTXSID7025180
Methylene Bisphenyl Isocyanate Urea,DTXSID7025180
Butane,DTXSID7024665
"Anisidine (o,p-Isomers)",DTXSID7024532
p-Aminoacetanilide,DTXSID7024455
"2,4,6-Trinitrotoluene",DTXSID7024372
Trinitrotoluene,DTXSID7024372
Pendimethalin,DTXSID7024245
Maleic Anhydride,DTXSID7024166
2-Ethoxyethanol,DTXSID7024087
Chromium (VI) - Action Level,DTXSID7023982
Chromium (VI) - Painting,DTXSID7023982
Chromium (VI) - TWA,DTXSID7023982
"Hexavalent Chromium, Action Level",DTXSID7023982
"Hexavalent Chromium, TWA",DTXSID7023982
Tetraethyl Lead (as Pb),DTXSID7023801
Lactic Acid,DTXSID7023192
Resmethrin,DTXSID7022253
EPN,DTXSID7022174
2-Hydroxyethyl Methacrylate,DTXSID7022128
Abietic Acid,DTXSID7022047
Propoxur,DTXSID7021948
Decyl Alcohol,DTXSID7021946
Diethyl Phthalate,DTXSID7021780
Valeric Acid,DTXSID7021655
Adipic Acid,DTXSID7021605
Triethylene Glycol Monobutyl Ether,DTXSID7021520
Chlorinated Camphene,DTXSID7021368
Toluene,DTXSID7021360
Pentachlorophenol,DTXSID7021106
Parathion,DTXSID7021100
N-Nitrosodimethylamine,DTXSID7021029
N-Nitrosodiethanolamine,DTXSID7021027
N-Nitrosodiisopropanolamine,DTXSID7021021
Nitrogen Dioxide,DTXSID7020974
alpha-Naphthylamine,DTXSID7020920
Zectran,DTXSID7020893
Isopropyl m-Chlorocarbaniliate,DTXSID7020764
Isopropyl Alcohol,DTXSID7020762
Ifosfamide,DTXSID7020760
Hydroquinone,DTXSID7020716
Hexachloroethane,DTXSID7020689
Hexachlorobutadiene,DTXSID7020683
Formaldehyde,DTXSID7020637
FORMALDEHYDE (STEL LEVEL),DTXSID7020637
FORMALDEHYDE (ACTION LEVEL),DTXSID7020637
Dimethoate,DTXSID7020479
Dichloroacetylene,DTXSID7020429
Diallyl Phthalate,DTXSID7020392
Coumarin,DTXSID7020348
Chloramphenicol,DTXSID7020265
Direct Black 38,DTXSID7020184
Bisphenol A,DTXSID7020182
Acetonitrile,DTXSID7020009
Acetamide,DTXSID7020005
Holothurin,DTXSID70149197
TBD (BOGUS),DTXSID701378920
Cotton Dust (Raw),DTXSID701356196
Octanol,DTXSID701052659
Radon,DTXSID701015778
Pancreatin,DTXSID701010859
Basic Red 2,DTXSID60874047
Heptachlorodibenzodioxins (All Isomers),DTXSID60872922
Hexachloronaphthalene,DTXSID60872604
Dextromethorphan hydrobromide,DTXSID60872346
Dinitro-o-cresol,DTXSID6073942
Lake Red C,DTXSID6062173
Calcium Arsenate (as As),DTXSID6058182
6-Methoxytetralone,DTXSID6057617
o-Diethylbenzene,DTXSID6052742
Silicon Tetrahydride,DTXSID6052534
2-Methylcyclohexanone,DTXSID6052245
sec-Hexyl Acetate,DTXSID6051562
"2,3-Pentanedione",DTXSID6051435
m -Ethyl Toluene,DTXSID6050386
Trimethylbenzene (mixed isomers),DTXSID6049808
Trimethylbenzene,DTXSID6049808
"Trimethyl Benzene(1,2,4)",DTXSID6049808
Thorium,DTXSID6049800
Kaolin (Total Dust),DTXSID6049640
Kaolin (Respirable Fraction),DTXSID6049640
"Silica, Crystalline Tridymite, Respirable Dust",DTXSID6049563
Dipropyl Ketone,DTXSID6047650
Pravastatin sodium,DTXSID6047525
Heroin,DTXSID6046761
Irinotecan Hydrochloride,DTXSID6045953
DI(ETHYLENE GLYCOL)ETHYL ETHER ACRYLATE,DTXSID6044983
DI(ETHYLENE GLYCOL) ETHYL ETHER ACRYLATE,DTXSID6044983
Methyl Dicyclohexylamine,DTXSID6044727
Tetraethyleneglycol Dimethacrylate,DTXSID6044515
Carbadox,DTXSID6043913
Lisinopril,DTXSID6040537
Chloramine-T,DTXSID6040321
Ethyl Formate,DTXSID6040117
Ethyl Butyrate,DTXSID6040111
Diquat,DTXSID6034554
Sulfamic Acid,DTXSID6034005
Tetramethrin,DTXSID6032649
Triorthocresyl Phosphate,DTXSID6032192
Sulfur Dioxide,DTXSID6029672
Ethyl Lactate,DTXSID6029127
Dodecyl Benzenesulfonic Acid,DTXSID6027923
NADIC METHYL ANHYDRIDE,DTXSID6027844
Turpentine,DTXSID6027717
Kerosene,DTXSID6027684
Hexamethylene Diisocyanate Biuret,DTXSID6027555
Isophorone Diamine,DTXSID6027503
Diglycolamine,DTXSID6027341
Ethylene Glycol Dinitrate,DTXSID6027264
Carbitol Acetate,DTXSID6026905
Butyl Isocyanate,DTXSID6026872
Butyl Mercaptan,DTXSID6026824
Isobutyl Isobutyrate,DTXSID6026612
Acetylene,DTXSID6026379
Ethane,DTXSID6026377
Vinyl Toluene,DTXSID6026292
Perchloromethyl Mercaptan,DTXSID6025854
Octachloronaphthalene,DTXSID6025800
Isopropyl Glycidyl Ether,DTXSID6025480
Glutaraldehyde (Alkaline Activated),DTXSID6025355
Glutaraldehyde,DTXSID6025355
Direct Blue 2,DTXSID6025191
Dihexyl phthalate,DTXSID6025068
Dicyclohexylamine,DTXSID6025018
(Dichloromethyl)benzene,DTXSID6025014
Diacetone Alcohol,DTXSID6024917
Decane,DTXSID6024913
Cyclopentane,DTXSID6024886
Butyl Acrylate,DTXSID6024676
Diglycidyl Ether of Bisphenol A,DTXSID6024624
Benzoyl Peroxide,DTXSID6024591
Phenanthrene,DTXSID6024254
Metribuzin,DTXSID6024204
Heptane (n-Heptane),DTXSID6024127
Heptane,DTXSID6024127
Cyanide (as Cn),DTXSID6023991
Carbonyl Sulfide,DTXSID6023949
Carbon Disulfide,DTXSID6023947
Hydramethylnon,DTXSID6023868
Strychnine,DTXSID6023600
"4,4'-Methylenedianiline",DTXSID6022422
m-Dichlorobenzene,DTXSID6022056
Nonyl Alcohol,DTXSID6022008
n-Hexyl Acetate,DTXSID6022006
Ethanolamine,DTXSID6022000
Fensulfothion,DTXSID6021953
Diethylamine,DTXSID6021909
Allyl Cyanide,DTXSID6021905
n-Propyl Acetate,DTXSID6021901
p-Toluidine,DTXSID6021872
Acetophenone,DTXSID6021828
n-Amyl Alcohol,DTXSID6021741
m-Hydroxybenzoic Acid,DTXSID6021610
DIACETYL,DTXSID6021583
Disperse Yellow 3,DTXSID6021450
Triamcinolone acetonide,DTXSID6021371
Sulfamethazine,DTXSID6021290
Rotenone (Commercial),DTXSID6021248
RIFAMPICIN,DTXSID6021244
Vydate,DTXSID6021086
N-Nitrosomethylethylamine,DTXSID6021036
N-Nitrosodipropylamine,DTXSID6021032
N-Nitrosodiphenylamine,DTXSID6021030
2-Nitropropane,DTXSID6020981
Sodium Nitrate,DTXSID6020937
N-Methyl-2-Pyrrolidinone,DTXSID6020856
Melamine,DTXSID6020802
Hexamethyl phosphoramide,DTXSID6020694
Hexamethylenetetramine,DTXSID6020692
Endrin,DTXSID6020561
Dimethylformamide,DTXSID6020515
Ethylene Dichloride,DTXSID6020438
Dichlorodifluoromethane,DTXSID6020436
"3,3'-Dichlorobenzidine",DTXSID6020432
"3,3'-Dichlorobenzidine and its salts",DTXSID6020432
o-Dichlorobenzene,DTXSID6020430
Cyclohexanone,DTXSID6020359
Calcium Cyanamide,DTXSID6020353
Chloromethyl Methyl Ether,DTXSID6020307
Chlorodifluoromethane,DTXSID6020301
"2,4-Dinitrochlorobenzene",DTXSID6020278
gamma-Butyrolactone,DTXSID6020224
Ethyl Bromide,DTXSID6020199
Quinone,DTXSID6020145
"2,3-Benzofuran",DTXSID6020141
Cobalt Carbonyl (as Co),DTXSID60109341
Emery (Respirable Fraction),DTXSID60108798
Emery (Total Dust),DTXSID60108798
Coal Dust (> or = 5% SiO2) (Respirable Quartz Fraction),DTXSID60107867
"Coal Dust (<5% SiO2, Respirable Fraction)",DTXSID60107867
"Coal Dust (<5% Si02, Respirable Fraction)",DTXSID60107867
sec-Amyl Acetate,DTXSID601015175
Stibine,DTXSID601014341
Bronkosol,DTXSID50979772
Epirubicin Hydrochloride,DTXSID50860297
Neodymium (as Nd),DTXSID5064677
n-butyl-2-cyanonacrylate,DTXSID5064417
Methyl Isobutyrate,DTXSID5060275
m-Hydroxyacetophenone,DTXSID5059533
Silicon Carbide (Total Dust),DTXSID5052751
Silicon Carbide (Respirable Fraction),DTXSID5052751
Phenyl Isocyanate,DTXSID5051521
Corundum ( A1203 ) ( see Aluminum Oxide ),DTXSID5050503
Melengestrol Acetate,DTXSID5048184
Coronene,DTXSID5047740
Haloxon,DTXSID5046221
Doxazosin mesylate,DTXSID5045598
p-Bromobenzylbromide,DTXSID5044445
Iron,DTXSID5043710
Iron (Bulk),DTXSID5043710
Iron (as Fe),DTXSID5043710
PERFLUOROISOBUTYL METHYL ETHER,DTXSID5042326
Osmium Tetroxide ( as Os ),DTXSID5042245
Osmium Tetroxide (as Os),DTXSID5042245
Dichlorotetrafluoroethane,DTXSID5041857
Acetaldehyde,DTXSID5039224
Lithium,DTXSID5036761
Talc (Containing no asbestos),DTXSID5032109
Talc (Containing asbestos),DTXSID5032109
"Talc , Fibrous Non - Tremolite",DTXSID5032109
Camphor,DTXSID5030955
Phosphorus Oxychloride,DTXSID5029710
Phosphorus Trichloride,DTXSID5029687
Nitric Acid,DTXSID5029685
Sulfuric Acid,DTXSID5029683
Potassium Hydroxide,DTXSID5029633
Calcium Oxide,DTXSID5029631
Dinitrotoluene,DTXSID5027859
"2,4,4-Trimethyl Pentene",DTXSID5027851
VM and P Naphtha,DTXSID5027699
VM & P Naphtha,DTXSID5027699
VM & P NAPHTHA,DTXSID5027699
Petroleum distillates (Naphtha),DTXSID5027697
Petroleum Distillates (Naphtha) (Rubber Solvent),DTXSID5027697
Naphtha (Coal Tar),DTXSID5027697
"2,2'-Oxybis-(N,N-Dimethylethylamine)",DTXSID5027512
Carbon Monoxide,DTXSID5027273
Carbon Monoxide (by COHb),DTXSID5027273
Diethyl Sulfide,DTXSID5027146
Dodecyl Alcohol,DTXSID5026918
Isobutyl Acetate,DTXSID5026837
n-Propyl Mercaptan,DTXSID5026750
Tri(Dimethylaminomethyl)phenol,DTXSID5026548
Trifluoromonobromomethane,DTXSID5026415
Propane,DTXSID5026386
L.P.G.,DTXSID5026386
Methyl Mercaptan,DTXSID5026382
Methyl Formate,DTXSID5025609
Sodium Ligninsulfonate,DTXSID5025499
N-Ethylmorpholine,DTXSID5025312
Ethylene Glycol Diethyl Ether,DTXSID5025285
Dimethyl Succinate,DTXSID5025152
Dimethyl Succimate,DTXSID5025152
Dicyclopentadiene,DTXSID5025023
Hexamethylenediamine,DTXSID5024922
Picramic Acid,DTXSID5024479
Acetic Acid,DTXSID5024394
Phosphoric Acid,DTXSID5024263
Phosmet,DTXSID5024261
2-Methoxyethanol,DTXSID5024182
Methyl Cellosolve,DTXSID5024182
o-Tolidine,DTXSID5024059
Dimethylamine,DTXSID5024057
Dimethyl Sulfate,DTXSID5024055
Chlorine Dioxide,DTXSID5023958
Chlordane,DTXSID5023954
"Benzo(g,h,i)perylene",DTXSID5023908
Benz(a)Anthracene,DTXSID5023902
Benomyl (Total Dust),DTXSID5023900
Ammonium Sulfamate (Total Dust),DTXSID5023875
Warfarin,DTXSID5023742
Methyl (n-amyl) ketone,DTXSID5021916
Methyl Isoamyl Ketone,DTXSID5021914
Hexone,DTXSID5021889
Hexylene Glycol,DTXSID5021885
Propargyl Alcohol,DTXSID5021883
Ethylenediamine,DTXSID5021881
Diethylamino ethanol,DTXSID5021837
o-Chlorophenol,DTXSID5021544
"2,4,5-T",DTXSID5021388
Fluorotrichloromethane,DTXSID5021384
Theophylline,DTXSID5021336
Thiram,DTXSID5021332
Propylene Oxide,DTXSID5021207
Propylene,DTXSID5021205
Phenothiazine,DTXSID5021126
Phenol,DTXSID5021124
5-Nitro-2-furaldehyde Semicarbazone,DTXSID5020944
"4,4'-Methylene-bis(2-Chloroaniline)",DTXSID5020865
"4,4'-Methylene-bis (2-Chloroaniline)",DTXSID5020865
Methidathion,DTXSID5020819
Gentian Violet,DTXSID5020653
Di-(2-Ethylhexyl)phthalate,DTXSID5020607
2-Ethylhexanol,DTXSID5020605
Ethylene Thiourea,DTXSID5020601
Dimethyl Acetamide,DTXSID5020499
4-Dimethylaminoazobenzene,DTXSID5020491
Dichlorvos (DDVP),DTXSID5020449
Cycolphosphamide,DTXSID5020364
N-Cyclohexyl-2-benzothiazolesulfenamide,DTXSID5020360
Chloroprene,DTXSID5020316
beta-Chloroprene,DTXSID5020316
p-Nitrochlorobenzene,DTXSID5020281
Chlorophene,DTXSID5020154
Benzyl Alcohol,DTXSID5020152
4-Aminodiphenyl,DTXSID5020071
Acrylonitrile,DTXSID5020029
Acrylonitrile (PEL),DTXSID5020029
Acrylonitrile (CEILING),DTXSID5020029
Acrylonitrile (ACTION LEVEL),DTXSID5020029
Acrylamide,DTXSID5020027
Acrolein,DTXSID5020023
Gasoline,DTXSID50105296
"Tetrachlorodibenzofuran (All isomers except 2,3,7,8-TCDF)",DTXSID501021076
Manganese Cyclopentadienyl Tricarbonyl (as Mn),DTXSID501014736
Sulfur Tetrafluoride,DTXSID40893074
Glycidyl Tosylate,DTXSID40867977
3-Octene,DTXSID40862260
Perfluoroisobutylene,DTXSID4073176
Boron Tribromide,DTXSID4065028
Palladium,DTXSID4064680
"2,5-Dimethoxyaniline",DTXSID4059257
m-Chlorotoluene,DTXSID4052841
Diglycidyl Ether,DTXSID4051871
"Tetrachlorodibenzodioxin (All isomers except 2,3,7,8-TCDD)",DTXSID4051378
Nitrocellulose,DTXSID4047751
Isopropyl Cellosolve,DTXSID4047466
Alupent,DTXSID4045391
LEAD ARSENATE (AS PB),DTXSID4042092
Dihydrocapsaicin,DTXSID4041864
DIHYDROCAPSAICIN,DTXSID4041864
Anisole,DTXSID4041608
2-Phenoxyethyl acrylate,DTXSID4040715
Nitrogen Trifluoride,DTXSID4040181
Allyl Chloride,DTXSID4039231
Nitrogen,DTXSID4036304
3-Methyl-2-Cyclopentene-2-ol-one,DTXSID4035128
Acid Blue 9,DTXSID4034310
Fenitrothion,DTXSID4032613
MOCAP,DTXSID4032611
Phorate,DTXSID4032459
SODIUM PERSULFATE,DTXSID4029698
Calcium Silicate (Total Dust),DTXSID4029648
Calcium Silicate (Respirable Fraction),DTXSID4029648
2-Methylpentane,DTXSID4029143
Dipropylene Glycol Methyl Ether Acetate,DTXSID4029062
Triisopropylated Phenyl Phosphate,DTXSID4028880
Ethyl Silicate,DTXSID4027731
Pentaethylene Glycol,DTXSID4027579
"Toluene-2,6-Diamine",DTXSID4027319
Dimethylethylamine,DTXSID4027232
Carbon Dioxide,DTXSID4027028
p-Diethylbenzene,DTXSID4026711
alpha-Pinene,DTXSID4026501
Methanesulfonic Acid,DTXSID4026422
Mercaptoethanol,DTXSID4026343
Tributylamine,DTXSID4026183
Picric Acid,DTXSID4025909
Methyl 2-Cyanoacrylate,DTXSID4025589
Halothane,DTXSID4025371
2-Ethylhexylamine,DTXSID4025298
Dimethyl Disulfide,DTXSID4025117
Diisobutyl Ketone,DTXSID4025080
Butyl Methacrylate,DTXSID4024696
tert-Butyl Glycidyl Ether,DTXSID4024692
"2,4-Dinitro-6-Bromoaniline",DTXSID4024646
"P-XYLENE-?,?'-DIAMINE",DTXSID4024567
Silver,DTXSID4024305
MCPA,DTXSID4024195
Hydrogen Sulfide,DTXSID4024149
Hexamethylene Diisocyanate,DTXSID4024143
Dinitrobenzene (All Isomers),DTXSID4024066
Dicamba,DTXSID4024018
Arsenic,DTXSID4023886
"Arsenic, Inorganic (ACTION LEVEL)",DTXSID4023886
"Arsenic, Inorganic (PEL)",DTXSID4023886
"Arsenic, Inorganic",DTXSID4023886
Morphine sulfate,DTXSID4023830
Mometasone Furoate,DTXSID4023333
Methylparaben,DTXSID4022529
Metolachlor,DTXSID4022448
Estrone,DTXSID4022367
ESTRONE,DTXSID4022367
2-Methylimidazole,DTXSID4022107
Bromacil,DTXSID4022020
Acetylacetone,DTXSID4021979
Diphenylamine,DTXSID4021975
Cyclohexane,DTXSID4021923
Cyclohexanol,DTXSID4021894
4-methylpyridine,DTXSID4021892
Isopropyl Ether,DTXSID4021890
Methyl Acetate,DTXSID4021767
Menadione,DTXSID4021715
Cyanogen Chloride,DTXSID4021551
Chlorobromomethane,DTXSID4021503
Urea,DTXSID4021426
Trifluralin,DTXSID4021395
Triethylene Glycol,DTXSID4021393
Simazine,DTXSID4021268
m-Phenylenediamine,DTXSID4021137
Sudan I,DTXSID4021135
N-Phenyl-2-Naphthylamine,DTXSID4021131
N-Nitrosomorpholine,DTXSID4021056
2-Methylnaphthalene,DTXSID4020878
4-Methoxyphenol,DTXSID4020828
Methotrexate,DTXSID4020822
Malathion (Total Dust),DTXSID4020791
Iodoform,DTXSID4020743
Glycidol,DTXSID4020666
Ethyl Acrylate,DTXSID4020583
Dioxane,DTXSID4020533
Chlorpyrifos,DTXSID4020458
"Toluene-2,4-Diamine",DTXSID4020402
Dehydroisoandrosterone,DTXSID4020379
Dichlorodiphenyltrichloroethane (DDT),DTXSID4020375
DDT,DTXSID4020375
Dichlorodiphenyldichloroethane,DTXSID4020373
"4,4'-Sulfonyldianiline",DTXSID4020371
Chlorobenzene,DTXSID4020298
Chloroacetaldehyde,DTXSID4020292
Captafol,DTXSID4020242
Caprolactam (Vapor),DTXSID4020240
Caprolactam (Dust),DTXSID4020240
Diphenyl,DTXSID4020161
Methyl Acetylene-Propadiene Mixture,DTXSID401381126
Methylcyclohexanol,DTXSID401043671
Gallium,DTXSID401029758
Chlorodiphenyl (54% Cl),DTXSID401026566
Chlorodiphenyl (48% Cl),DTXSID401026566
Chlorodiphenyl (62% Cl),DTXSID401026566
Chlorodiphenyl (1016),DTXSID401026566
Chlorodiphenyl (60% Cl),DTXSID401026566
Chlorodiphenyl (21% Cl),DTXSID401026566
Chlorodiphenyl (42% Cl),DTXSID401026566
Chlorodiphenyl (32% Cl),DTXSID401026566
Bismark Brown,DTXSID401024889
Cellulose Acetate,DTXSID401010898
Thionyl Chloride,DTXSID3064778
Gold,DTXSID3064697
Bismuth,DTXSID3052484
Argon,DTXSID3052482
"2,3,7,8-Tetrachlorodibenzofuran",DTXSID3052147
Cellulose (Respirable Fraction),DTXSID3050492
Cellulose (Total Dust),DTXSID3050492
Mica,DTXSID3049671
Beclomethasone Dipropionate,DTXSID3048730
Titanium,DTXSID3047764
PAPI,DTXSID3047473
Polymeric MDI (PAPI),DTXSID3047473
Benzil,DTXSID3044380
Sulfur Monochloride,DTXSID3042427
Propylene Glycol Monomethyl Ether Acetate,DTXSID3042346
n-Propyl Benzene,DTXSID3042219
Ethyl Propyl Sulfide,DTXSID3041958
Ethyl Amyl Ketone,DTXSID3041954
Dibutyl Phosphate,DTXSID3040728
Aluminum (as Al),DTXSID3040273
Aluminum,DTXSID3040273
"Aluminum (as Al), Welding Fumes",DTXSID3040273
"Aluminum (as Al), Metal (Respirable Fraction)",DTXSID3040273
"Aluminum (as Al), Metal (Total Dust)",DTXSID3040273
"Aluminum (as Al), Pyro Powder",DTXSID3040273
Benzene,DTXSID3039242
Calcium Carbonate (Total Dust),DTXSID3036238
Calcium Carbonate (Respirable Fraction),DTXSID3036238
"Paraquat, respirable dust",DTXSID3034799
"Silica, Crystalline Quartz (Respirable Fraction)",DTXSID3032040
"Silica, Crystalline, Mixed Respirable  (Quartz,Cristobalite,Tridymite)",DTXSID3032040
Chromium,DTXSID3031022
Doxorubicin Hydrochloride,DTXSID3030636
Benzophenonetetracarboxylic Acid Dianhydride,DTXSID3029233
Hydrogenated Terphenyls,DTXSID3028051
Iron Pentacarbonyl (as Fe),DTXSID3027746
Methylene-bis (4-Cyclohexylisocyanate),DTXSID3027588
Methylene-bis(4-Cyclohexylisocyanate),DTXSID3027588
alpha-Cumyl Alcohol,DTXSID3027247
Chloropentafluoroethane,DTXSID3026435
Methylcyclopentane,DTXSID3025590
Methacrylic acid,DTXSID3025542
Isoamyl Alcohol,DTXSID3025469
Direct Red 2,DTXSID3025203
Dimethyl Glutarate,DTXSID3025122
o-Dianisidine,DTXSID3025091
2-(2-Methoxyethoxy) Ethanol,DTXSID3025049
Diethylene Glycol Monomethyl Ether,DTXSID3025049
Diethylene Glycol Diethyl Ether,DTXSID3025047
Cumene Hydroperoxide,DTXSID3024869
o-Chlorostyrene,DTXSID3024811
Triethylene Glycol Monoethyl Ether,DTXSID3024368
Triethylamine,DTXSID3024366
Cresol (All Isomers),DTXSID3024364
Strontium,DTXSID3024312
Pyrene,DTXSID3024289
Fluorine,DTXSID3024106
Fluoranthene,DTXSID3024104
Boron,DTXSID3023922
Benefin,DTXSID3023899
Benzo (e) Pyrene,DTXSID3023764
Arsine,DTXSID3023760
Dimethylphthalate,DTXSID3022455
Progesterone,DTXSID3022370
PROGESTERONE,DTXSID3022370
Tributyl Phosphate,DTXSID3021986
n-Butyl Acetate,DTXSID3021982
Diethanolamine,DTXSID3021932
Nonylphenol,DTXSID3021857
Ethyl Ether,DTXSID3021720
2-Butanone,DTXSID3021516
Isophthalic Acid,DTXSID3021485
Vinyl Acetate,DTXSID3021431
Titanium Dioxide (Total Dust),DTXSID3021352
Nitrobenzene,DTXSID3020964
tert-Butyl Methyl Ether,DTXSID3020833
Isoflurane,DTXSID3020752
Hydrazine,DTXSID3020702
Heptachlor,DTXSID3020679
Pydrin,DTXSID3020621
Ethyl Benzene,DTXSID3020596
Dodine,DTXSID3020548
Ethylene Dibromide,DTXSID3020415
Citric Acid,DTXSID3020332
Catechol,DTXSID3020257
"4,6-Dinitro-o-sec-butyl phenol",DTXSID3020207
Butyl Benzyl Phthalate,DTXSID3020205
Direct Brown 95,DTXSID3020201
Azinphos-Methyl,DTXSID3020122
Allyl Isothiocyanate,DTXSID3020047
Hydrogen Selenide (as Se),DTXSID20872822
"2,4-Dinitrophenyl Hydrazine",DTXSID2059485
3-Methoxy-n-butyl Acetate,DTXSID2052106
"Graphite, natural respirable dust",DTXSID2049634
"Graphite, Synthetic (Respirable Fraction)",DTXSID2049634
"Graphite, Synthetic (Total Dust)",DTXSID2049634
Ethyl Butyl Ketone,DTXSID2047438
Isooctyl Alcohol,DTXSID2044634
PROTEASE,DTXSID2044185
Methyl pivaloylacetate,DTXSID2042149
alpha-Alumina (Respirable Fraction),DTXSID2041593
alpha-Alumina (Total Dust),DTXSID2041593
Vanadium,DTXSID2040282
"Vanadium, Respirable Dust (as V2O5)",DTXSID2040282
Vanadium fume (as V2O5),DTXSID2040282
Cocaine,DTXSID2038443
Oxygen,DTXSID2037681
Chlordimeform,DTXSID2037508
Zinc Chloride Fume,DTXSID2035013
Ronnel,DTXSID2034885
"2,4-D, Isooctyl Ester",DTXSID2034679
2-Methyl-4-Isothiazolin-3-one,DTXSID2034259
Phosdrin,DTXSID2032683
Rozol,DTXSID2032348
Ammonium Nitrate,DTXSID2029668
Limonene,DTXSID2029612
Metham Sodium,DTXSID2029167
2-methylbutyl Acetate,DTXSID2027254
Methyl Isothiocyanate,DTXSID2027204
Methyl Isobutyl Carbinol,DTXSID2026781
Trimethylamine,DTXSID2026238
"Toluene-2,6-Diisocyanate",DTXSID2026157
Tetraethylene Glycol Diacrylate,DTXSID2026107
Tannin,DTXSID2026076
Pentane,DTXSID2025846
Morpholine,DTXSID2025688
Isopropylamine,DTXSID2025682
4-Methoxy-4-Methyl-2-Pentanone,DTXSID2025557
Methyl Cellosolve Acetate,DTXSID2025553
2-Methoxyethyl acetate,DTXSID2025553
Isopropyl Acetate,DTXSID2025478
Furfuryl Alcohol,DTXSID2025347
Divinyl Benzene,DTXSID2025216
Diethylenetriamine,DTXSID2025050
tert-Butylperoxide,DTXSID2024955
2-n-Dibutylaminoethanol,DTXSID2024953
Butyraldehyde Oxime,DTXSID2024664
Brucine,DTXSID2024662
Manganese Fume (as Mn),DTXSID2024169
Linuron,DTXSID2024163
"Lead, Inorganic (as Pb) (ACTION LEVEL)",DTXSID2024161
"Lead, Inorganic (as Pb)",DTXSID2024161
"Lead, Inorganic (as Pb) (PEL)",DTXSID2024161
Lead,DTXSID2024161
Formic Acid,DTXSID2024115
Fonofos,DTXSID2024113
Ethion,DTXSID2024086
Creosote,DTXSID2023987
Copper Fume (as Cu),DTXSID2023985
Betamethasone Dipropionate,DTXSID2022672
Acetanilide,DTXSID2022543
Terbufos,DTXSID2022254
Hydroxyethyl Acrylate,DTXSID2022123
Dipropyl Disulfide,DTXSID2022096
N-(2-Hydroxyethyl)Morpholine,DTXSID2022090
N-Aminoethylpiperazine,DTXSID2021997
Dibenzofuran,DTXSID2021993
Diethylene Glycol Monoethyl Ether,DTXSID2021941
o-Chloroaniline,DTXSID2021810
Dibutyl Phthalate,DTXSID2021781
n-Propyl Alcohol,DTXSID2021739
Propyl Alcohol,DTXSID2021739
Dimethyl Sulfoxide,DTXSID2021735
Methyl Alcohol,DTXSID2021731
Propionaldehyde,DTXSID2021658
Xylene,DTXSID2021446
N-Vinyl-2-Pyrrolidinone,DTXSID2021440
Perchloroethylene,DTXSID2021319
Tetrachloroethylene (Perchloroethylene),DTXSID2021319
"2,3,7,8-Tetrachlorodibenzo-p-Dioxin",DTXSID2021315
Sucrose (Total Dust),DTXSID2021288
Sucrose (Respirable Fraction),DTXSID2021288
Styrene,DTXSID2021284
Resorcinol,DTXSID2021238
Phthalic Anhydride,DTXSID2021159
Phosphine,DTXSID2021157
Sodium o-Phenyl Phenate,DTXSID2021153
o-Phenyl Phenol,DTXSID2021151
Pentachloronitrobenzene,DTXSID2021105
N-Nitrosodiethylamine,DTXSID2021028
N-Nitrosodibutylamine,DTXSID2021026
Nitromethane,DTXSID2020977
Nickel,DTXSID2020925
beta-Naphthylamine,DTXSID2020921
Tetramethyldiaminobenzophenone,DTXSID2020894
N-Nitrosodiisopropylamine,DTXSID20208844
Methyl Methacrylate,DTXSID2020844
Hydrogen Peroxide (90%),DTXSID2020715
Hydrogen Peroxide,DTXSID2020715
Hydrochlorothiazide,DTXSID2020713
Hydrogen Chloride,DTXSID2020711
Hexachlorocyclopentadiene,DTXSID2020688
Lindane,DTXSID2020686
Hexachlorobenzene,DTXSID2020682
5-Fluorouracil,DTXSID2020634
"Dimethylaniline (N,N-Dimethylaniline)",DTXSID2020507
"N,N-Dimethylethanolamine",DTXSID2020505
Co-Ral,DTXSID2020347
Amiben,DTXSID2020262
"2,6-Di-tert-Butyl-p-Cresol",DTXSID2020216
Benzo (alpha) Pyrene,DTXSID2020139
Benzo [a] Pyrene,DTXSID2020139
Benzidine,DTXSID2020137
Desmodur N,DTXSID201381120
Bromelain,DTXSID201381118
Bromine,DTXSID201014232
Pentaborane,DTXSID10880057
Propylene Glycol Monomethyl Ether,DTXSID10872972
Soapstone (Total Dust),DTXSID1052749
Soapstone (Respirable Fraction),DTXSID1052749
Toluenesulfonyl Chloride,DTXSID1052660
Ketene,DTXSID1052113
o-Anisaldehyde,DTXSID1051690
Tin,DTXSID1049801
"Silica, Fused (Respirable Dust)",DTXSID1049770
Hydrogen Fluoride (as F),DTXSID1049641
Hydrogen Fluoride,DTXSID1049641
Ethyl Propionate,DTXSID1040110
Crufomate,DTXSID1037515
Rabon,DTXSID1032648
Temephos (Total Dust),DTXSID1032484
Cyhexatin,DTXSID1032357
Cobalt,DTXSID1031040
"Cobalt, Metal, Dust and Fume (as Co)",DTXSID1031040
"Cobalt, Metal, Dust & Fume (as Co)",DTXSID1031040
Silica (Qualitative Analysis),DTXSID1029677
Silica,DTXSID1029677
Silica (cristobalite resp),DTXSID1029677
"Silica, (Cristobalite, Total)",DTXSID1029677
"Silica (Quartz, non-respirable)",DTXSID1029677
Silica (quartz resp),DTXSID1029677
"Silica (Quartz, Total)",DTXSID1029677
Silica (tridymite resp),DTXSID1029677
"Silica, Mixed Crystalline Respirable Dust",DTXSID1029677
"Silica, Crystalline Tripoli (as Quartz), Respirable Dust",DTXSID1029677
"Silica, Respirable Crystalline (NEW)",DTXSID1029677
"Silica, Crystalline Quartz (as Quartz), Respirable Dust",DTXSID1029677
Silica (Quartz,DTXSID1029677
"Silica, Crystalline Cristobalite, Respirable Dust",DTXSID1029677
Fibrous Glass Dust,DTXSID1029677
Sodium Carbonate,DTXSID1029621
Mesityl Oxide,DTXSID1029170
Tetrahydro-2-furanmethanol,DTXSID1029128
Coal Tar Pitch Volatiles (benzene soluble fraction),DTXSID1028285
Tergitol NP-33,DTXSID1027718
"Tetrakis(methylene(3,5-di-t-butyl-4-hydroxyhydrocinnamte))methane",DTXSID1027633
2-Propoxyethanol,DTXSID1027500
Dimethylaminoethoxy ethanol,DTXSID1027427
n-Amyl Acetate,DTXSID1027263
Ethylene Glycol Monohexyl Ether,DTXSID1026908
Butyl Cellosolve Acetate,DTXSID1026904
m-Toluidine,DTXSID1026792
Benzenesulfonyl Chloride,DTXSID1026619
Ethylene Dimethacrylate,DTXSID1026615
Isobutane,DTXSID1026401
Ethylene,DTXSID1026378
o-Toluidine,DTXSID1026164
Tetrahydronaphthalene,DTXSID1026118
Acetylene Tetrabromide,DTXSID1026083
Tetrabromobisphenol A,DTXSID1026081
Peracetic Acid,DTXSID1025853
Methylal,DTXSID1025564
Isopropyl Mercaptan,DTXSID1025481
Ethyl Methacrylate,DTXSID1025308
Ethyl 2-Cyanoacrylate,DTXSID1025279
p-tert-Butyltoluene,DTXSID1024704
Methyl Ethyl Ketone Peroxide,DTXSID1024671
Diglyme,DTXSID1024621
Phosphorus (yellow),DTXSID1024382
Thiophanate-methyl,DTXSID1024338
Phenmedipham,DTXSID1024255
Molybdenum (as Mo),DTXSID1024207
Tributylphosphorotrithioate,DTXSID1024174
Mercury (Vapor) (as Hg),DTXSID1024172
2-Butoxyethanol,DTXSID1024097
Dipropylthiocarbamic Acid S-Ethyl Ester,DTXSID1024091
Diethyl Sulfate,DTXSID1024045
Cypermethrin,DTXSID1023998
Cyclohexylamine,DTXSID1023996
Cyanogen,DTXSID1023992
Bladex,DTXSID1023990
"Cadmium , Soluble ( as Cd )",DTXSID1023940
CADMIUM,DTXSID1023940
Cadmium,DTXSID1023940
Cadmium Dust (as Cd),DTXSID1023940
Methyl Isocyanate,DTXSID1023786
Methomyl,DTXSID1022267
Lasso,DTXSID1022265
2-Hydroxy-4-Methoxyacetophenone,DTXSID1022059
tert-Butyl Acetate,DTXSID1022055
Di-n-Butyl Ether,DTXSID1022007
m-Diethylbenzene,DTXSID1022003
Ethyl Acetate,DTXSID1022001
Di-n-Octyl Phthalate,DTXSID1021956
Triphenyl Phosphate,DTXSID1021952
Butylamine,DTXSID1021904
Propionitrile,DTXSID1021879
Ethylene Chlorohydrin,DTXSID1021877
p-Chlorophenol,DTXSID1021871
Cumene,DTXSID1021827
METHYL ETHYL KETOXIME,DTXSID1021821
Methyl Ethyl Ketoxime,DTXSID1021821
n-Butyl Alcohol,DTXSID1021740
Nitroglycerin,DTXSID1021407
Trichloroacetic Acid,DTXSID1021378
Bromoform,DTXSID1021374
Tetrahydrofuran,DTXSID1021328
Disulfiram,DTXSID1021322
Piperonyl Butoxide,DTXSID1021166
Piperazine,DTXSID1021164
Nitric Oxide,DTXSID1020938
Nicotine,DTXSID1020930
Methyl Parathion,DTXSID1020855
2-Benzothiazolethiol,DTXSID1020807
Furfural,DTXSID1020647
Epichlorohydrin,DTXSID1020566
Enflurane,DTXSID1020562
Endosulfan,DTXSID1020560
"2,4-Dichlorophenol",DTXSID1020439
p-Dichlorobenzene,DTXSID1020431
Cyanoguanidine,DTXSID1020354
5-Methyl-o-Anisidine,DTXSID1020350
Chloroform,DTXSID1020306
Ethyl Chloride,DTXSID1020302
Chlorine,DTXSID1020273
Chlorine (as Available Chlorine),DTXSID1020273
beta-Butyrolactone,DTXSID1020223
p-(tert-Butyl)Phenol,DTXSID1020221
Boric Acid,DTXSID1020194
"2,2'-Dithiobis[benzothiazole]",DTXSID1020146
Butadiene,DTXSID101342957
Pentachlorodibenzodioxins (All Isomers),DTXSID101019734
Tin Oxide (as Sn),DTXSID00893010
Tin Oxide (as Sn) (Total Dust),DTXSID00893010
Pentachloronaphthalene,DTXSID00872603
Trichlorophenol,DTXSID00858725
n-Propoxypropanol,DTXSID0074346
n-Propoxypropanol (mixed isomers),DTXSID0074346
Neon,DTXSID0064678
2-Octene,DTXSID0059407
Cerium,DTXSID0058641
Phosphorus Pentasulfide,DTXSID0051659
Germanium Oxide,DTXSID0051653
Silicon (Total Dust),DTXSID0051441
Silicon (Respirable Fraction),DTXSID0051441
"Silica, Amorphous, Diatomaceous Earth (<1% Crystalline Silica)",DTXSID0051285
Barium Sulfate (Total Dust),DTXSID0050471
Barium Sulfate (Respirable Fraction),DTXSID0050471
Yttrium,DTXSID0049816
Starch (Respirable Fraction),DTXSID0049789
Starch (Total Dust),DTXSID0049789
Magnesium,DTXSID0049658
Methylcyclohexane,DTXSID0047749
sec-Butyl Acetate,DTXSID0047612
Dioctyl Sebacate,DTXSID0047537
Methylacetamide,DTXSID0047167
Isosorbide dinitrate,DTXSID0045832
Tetrachlorophenol,DTXSID0042450
Crag Herbicide (Total Dust),DTXSID0042377
Chromic Acid and Chromates (as CrO3),DTXSID0040125
Acrylic acid,DTXSID0039229
2-Acetylaminofluorene,DTXSID0039227
Aldicarb,DTXSID0039223
SULFOMETURON METHYL,DTXSID0034936
Desmedipham,DTXSID0034518
Tremolite,DTXSID0030744
Hydrogen Bromide,DTXSID0029713
Sodium Metabisulfite,DTXSID0029684
Sodium Hydroxide,DTXSID0029634
Iron Oxide Fume,DTXSID0029632
Iron Oxide Fume (Fe2O3) as Fe,DTXSID0029632
Rouge (Respirable Fraction),DTXSID0029632
Rouge (Total Dust),DTXSID0029632
Butyltin Trichloride,DTXSID0029210
Dipropylene Glycol Methyl Ether,DTXSID0027983
Dipropylene Glycol,DTXSID0027856
Butene,DTXSID0027850
Trimethylolpropane Triacrylate,DTXSID0027773
Ethyl-3-ethoxypropionate,DTXSID0027309
Cyclopentadiene,DTXSID0027191
Dodecane,DTXSID0026913
Octane,DTXSID0026882
p-Toluenesulfonic Acid,DTXSID0026701
tert-Butyl Mercaptan,DTXSID0026418
t-Butylmercaptan,DTXSID0026418
Trially Isocyanurate,DTXSID0026175
Tetramethyl Succinonitrile,DTXSID0026125
Tetramethyl Lead (as Pb),DTXSID0026123
Tetramethyl Butanediamine,DTXSID0026121
Oxalic Acid,DTXSID0025816
Methyl Formamide,DTXSID0025608
Ethyl tert-butyl ether,DTXSID0025604
Glycolic Acid,DTXSID0025363
Glycidyl Methacrylate,DTXSID0025361
Ethylene Glycol Dimethyl Ether,DTXSID0025286
"2,4-D, Dimethylamine Salt",DTXSID0024896
Wollastonite,DTXSID0024719
Cadmium Fume (as Cd),DTXSID0024715
2-Aminopyridine,DTXSID0024505
Acetyl Methyl Carbinol,DTXSID0024399
Acetic Anhydride,DTXSID0024395
Pirimiphos Methyl,DTXSID0024266
Phosgene,DTXSID0024260
2-Chloro-6-Trichloromethyl Pyridine (Total Dust),DTXSID0024216
Nickel Carbonyl,DTXSID0024212
Methyl Iodide,DTXSID0024187
Methyl Acrylate,DTXSID0024183
Diazomethane,DTXSID0024008
"Dimethyl 2,3,5,6-Tetrachloroterephthalate",DTXSID0024000
Carboxin,DTXSID0023951
Benzo(b)fluoranthene,DTXSID0023907
BENZO(B)FLUORANTHENE,DTXSID0023907
Anthracene,DTXSID0023878
Ammonia,DTXSID0023872
4-Aminopyridine,DTXSID0023870
Isophorone Diisocyanate,DTXSID0023826
2-Methoxyphenol,DTXSID0023113
Chrysene,DTXSID0022432
METHYL BUTYL KETONE,DTXSID0022068
2-Hexanone,DTXSID0022068
Methyl Isopropyl Ketone,DTXSID0022062
Disulfoton,DTXSID0022018
Triethylenediamine,DTXSID0022016
Benzophenone,DTXSID0021961
Hexane,DTXSID0021917
Hexane (n-Hexane),DTXSID0021917
"Hexane, (Isomers other than n-Hexane)",DTXSID0021917
2-Pentanone,DTXSID0021888
p-Nitrophenol,DTXSID0021834
"N,N-Dimethyl-p-Toluidine",DTXSID0021832
Isobutyl Alcohol,DTXSID0021759
"2,2,2-Trifluoroethanol",DTXSID0021751
Methyl Chloride,DTXSID0021541
Ziram,DTXSID0021464
Zinc Dibutyldithiocarbamate,DTXSID0021462
Zearalenone,DTXSID0021460
Trichlorfon,DTXSID0021389
Silvex,DTXSID0021387
Trichloroethylene,DTXSID0021383
Methyl Chloroform,DTXSID0021381
Propylene Glycol,DTXSID0021206
Ozone,DTXSID0021098
Sodium Nitrite,DTXSID0020941
Methylene Chloride,DTXSID0020868
3-Methylcholanthrene,DTXSID0020862
Mestranol,DTXSID0020814
Di-(2-Ethylhexyl) Adipate,DTXSID0020606
Vinyl Cyclohexene Dioxide,DTXSID0020604
Ethylene Oxide (PEL),DTXSID0020600
Ethylene Oxide (EL),DTXSID0020600
Ethylene Oxide (ACTION LEVEL),DTXSID0020600
Ethylene Oxide,DTXSID0020600
ESTRADIOL,DTXSID0020573
Estradiol,DTXSID0020573
Propylene Dichloride,DTXSID0020448
Diuron,DTXSID0020446
"2,4-D",DTXSID0020442
Chlorothalonil,DTXSID0020319
Chloropicrin,DTXSID0020315
Benzyl Chloride,DTXSID0020153
Benzyl Acetate,DTXSID0020151
Ammonium Chloride (Fume),DTXSID0020078
Magnesite (Total Dust),DTXSID001334797
Magnesite (Respirable Fraction),DTXSID001334797
Isooctane,DTXSID001014462
Mercury (Aryl and Inorganic) (as Hg),
"Chromium, Metal and Insoluble Salts",
"Wood Dust, Western Red Cedar",
"Lead, Organic (see Tetramethyl or Tetraethyl Lead)",
Polyfunctional Aziridine,
Chlorinated Diphenyl Oxide,
Wood Dust,
"Chromium, Soluble Chromic, Chromous Salts (as Cr)",
"Wood Dust, all soft and hard woods, except Western Red Cedar",
4-Chloro-7-methylphenol,
"Wood Dust, Hardwood",
"Aluminum (as Al), Soluble Salts",
"Wood Dust, Softwood",
Phosve,
Methylcyclohexano,
"Platinum (as Pt), soluble salts",
Difurfurylidene Pentaerythritol,
"Aluminum (as Al), Alkyls",
Solder Fume (Metals),
Heptanes (not n-Heptane),
Isocyanate Scan,
2-METHOXY-1-PROPYL ACETATE,DTXSID5041433
"1,1-Dimethylhydrazine",DTXSID1020516
"1,3-Dichloro-5,5-dimethyl hydantoin",DTXSID4024985
1-Bromopropane,DTXSID6021874
"1,2-Dichloroethylene",DTXSID8024991
1-Octanethiol,DTXSID4026894
1-Ethoxy-2-propanol,DTXSID1041267
1-Methoxy-2-propanol,DTXSID8024284
1-Bromonaphthalene,DTXSID30861681
"1,4-Butanediol diglycidyl ether",DTXSID7024667
1-Heptene,DTXSID2060466
"1,1,1-Trichloro-2,2,2-Trifluoroethane",DTXSID5027148
1-Methylnaphthalene,DTXSID9020877
"1,1-DICHLORO-1-FLUOROETHANE",DTXSID2020422
"1,3-Dichloropropane",DTXSID6022004
1-Amino-2-Propanol,DTXSID9021764
"1,3-Dichloropropene",DTXSID1022057
1-Methoxy-2-propyl acetate,DTXSID1026796
Direct Blue 1,DTXSID1025190
"1,6-Dimethylnaphthalene",DTXSID7022415
"1,2-Dimethylnaphthalene",DTXSID1058717
"2,2-Dihydroxy-1,3-Indandione",DTXSID7025716
"1,2,3,4,6,7,8,9-Octachlorodibenzodioxin",DTXSID4025799
1-Butoxy-2-propanol,DTXSID8027589
Direct Red 81,DTXSID6041553
1-Nitropropane,DTXSID1020980
"1,3-Dimethylnaphthalene",DTXSID9060360
1-Phenyl-1-Cyclohexene,DTXSID10870771
1-Hexene,DTXSID4025402
"1,2-Epoxybutane",DTXSID6020569
"Dimethyl 1,2-dibromo-2,2-dichloroethyl phosphate",DTXSID1024209
"1,2,4-Trichlorobenzene",DTXSID0021965
1-BROMOPROPANE,DTXSID6021874
1-Pentene,DTXSID7025849
"1,4-Dimethylnaphthalene",DTXSID8035423
Acid Red 114,DTXSID8021224
"1,2-Propylene Glycol Dinitrate",DTXSID7027627
"N,N-Dimethyl-1,3-propanediamine",DTXSID5025102
"1,1,2-Trichloro-1,2,2-Trifluoroethane",DTXSID6021377
"1,3,5-Triglycidyl Isocyanurate",DTXSID4026262
1-Ethylnaphthalene,DTXSID10870852
"1,1-Difluoroethane",DTXSID0024050
"1,3,5-TRIMETHYLBENZENE",DTXSID6026797
"1,1,2,2-Tetrachloro-1,2-Difluoroethane",DTXSID5026091
"1,3,5-Trichlorobenzene",DTXSID8026195
"1,2-Dichloro-1,1,2-Trifluoroethane",DTXSID1042021
2-Methoxy-1-Propyl Acetate,DTXSID5041433
D & C Red #19,DTXSID6042369
"1,1,1,2-Tetrafluoroethane",DTXSID1021324
2-Ethyl-1-hexanol,DTXSID5020605
"1,2-Dibromo-3-Chloropropane",DTXSID3020413
"2,2,4-Trimethyl-1,3-pentanediol monoisobutyrate",DTXSID201354040
"2,2,4-Trimethyl-1,3-pentanediol monoisobutyrate",DTXSID5027857
1-Chloro-1-Nitropropane,DTXSID2024797
"1,2,3,5-Tetrachlorobenzene",DTXSID1026089
"1,1'-Azobisformamide",DTXSID0024553
"1,1,2,2-Tetrachloroethane",DTXSID7021318
1-Methyl-2-Pyrrolidinone,DTXSID6020856
"2,2,4-Trimethyl-1,3-Pentanediol Diisobutyrate",DTXSID1027635
"1,2,3-Trichlorobenzene",DTXSID8026193
1-Octene,DTXSID6025804
"1,1,2-Trichloroethane",DTXSID5021380
"2,2,4-TRIMETHYL-1,3-PENTANEDIOL DIISOBUTYRATE",DTXSID1027635
"1,6-Hexanediol Diacrylate",DTXSID9025401
1-Chloro-2-nitrobenzene,DTXSID0020280
1-Tridecanol,DTXSID2021947
"1,5-Naphthalene Diisocyanate",DTXSID8040145
"1,1-Dichloroethane",DTXSID1020437
"1,1-Dichloro-1-fluoroethane",DTXSID2020422
"1,2,3-Trichloropropane",DTXSID9021390
D and C Red #19,DTXSID6042369 
17-alpha-Methyl Testosterone,DTXSID1033664 
1-Chloro-4-trifluoromethylbenzene,DTXSID7024821 
17-?-METHYL TESTOSTERONE,DTXSID1033664 
"1,6-Hexamethylene Diisocyanate Homopolymer",DTXSID7058753 
1-CHLORO-4-TRIFLUOROMETHYLBENZENE,DTXSID7024821 
"Pindone (2-Pivalyl-1,3-indandione)",DTXSID1025930 
Aluminum (as Al) Metal (Respirable Fraction),DTXSID3040273
Cobalt Metal Dust and Fume (as Co),DTXSID1031040
Aluminum (as Al) Metal (Total Dust),DTXSID3040273
m-Xylene-alpha alpha'-diamine,DTXSID9029649
p-Xylene-alpha alpha'-diamine,DTXSID4024567
Ethyl Vinyl Benzene,DTXSID5027938
1 2-Dichloroethylene,DTXSID8024991
Silica (Quartz Total),DTXSID3032040
2-Methoxy-1-propanol,DTXSID5049441
1 3 5-Triglycidyl Isocyanurate,DTXSID4026262
Arsenic Inorganic,DTXSID4023886
Lead Inorganic (as Pb),DTXSID2024161
Silica Cristobalite (Total),DTXSID5041801
2 3-Pentanedione,DTXSID6051435 
Toluene-2 4-Diisocyanate (TDI),DTXSID7026156 
