raw_name,preferred_name
"Anisidine (o,p-Isomers)",anisodine
Ethyl Toluene (all isomers),ethyltoluene
Hexachlorodibenzodioxins (All Isomers),hexachlorodibenzodioxin
Heptachlorodibenzodioxins (All Isomers),heptachlorodibenzodioxin
17-Α-METHYL TESTOSTERONE,17.alpha.-methyltestosterone
Methylcyclopentadienyl Manganese Tricarbonyl (as Mn),2-methylcyclopentadienylmanganese tricarbonyl
6-Methoxytetralone,6-Methoxy-alpha-tetralone
Benzo (e) Pyrene,benzo(e)pyrene
Benzo [a] Pyrene,benzo[a]pyrene
3-Methoxy-n-butyl Acetate,3-methoxybutyl acetate
Cycolphosphamide,cyclophosphamide
Methylene bis Thiocyanate,methylene bis(thiocyanate)
beta-Chloroprene,Chloroprene
Dimethyl Succimate,dimethyl succinate
4-Phenylcyclohexene,4-Phenyl-1-cyclohexene
DI(ETHYLENE GLYCOL)ETHYL ETHER ACRYLATE,2-(2-Ethoxyethoxy)ethyl acrylate
Ethyl Hexyl Acetate,2-Ethylhexyl acetate
"2-(2,4-Dinitrophenoxy)ethanol","Ethanol, 2-(2,4-dinitrophenoxy)-"
Isocyanates,isocyanate
"2,4-D, Isooctyl Ester","2,4-D isooctyl ester"
DI(ETHYLENE GLYCOL) ETHYL ETHER ACRYLATE,2-(2-Ethoxyethoxy)ethyl acrylate
17-alpha-Methyl Testosterone,17alpha-methyltestosterone
4-Nitrobipheny,4-nitrobiphenyl
Dodecyl Benzene,dodecylbenzene
Divinyl Benzene,divinylbenzene
Direct Black 38,C.I. Direct Black 38
Methylcyclopentadienyl Manganese Tricarbonyl,(Methylcyclopentadienyl)tricarbonylmanganese
Methyl Formamide,methylformamide
3-Methyl-2-Cyclopentene-2-ol-one,3-methyl-2-cyclopentene-2-ol-1-one
1-Chloro-4-trifluoromethylbenzene,1-chloro-4-(trifluoromethyl)benzene
Cellulose Acetate,"cellulose, acetate"
Methylcyclohexano,methylcyclohexanol
4-Methyl Morpholine,4-methylmorpholine
Diethylamino ethanol,diethylaminoethanol
"2,4,5-T, Butyl Ester","2,4,5-t butyl ester"
alpha-Methyl Styrene,alpha-methylstyrene
"2,4,4-Trimethyl Pentene","2,4,4-trimethylpentene"
Methyl Dicyclohexylamine,methyldicyclohexylamine
Di-(2-Ethylhexyl) Adipate,di(2-ethylhexyl) adipate
Di-(2-Ethylhexyl)phthalate,di-(2-ethylhexyl) phthalate
"2,4-Dinitrophenyl Hydrazine","2,4-dinitrophenylhydrazine"
Dimethylaminoethoxy ethanol,dimethylaminoethoxyethanol
2-(2-Methoxyethoxy) Ethanol,2-(2-methoxyethoxy)ethanol
Dodecyl Benzenesulfonic Acid,dodecylbenzenesulfonic acid
Isopropyl m-Chlorocarbaniliate,isopropyl m-chlorocarbanilate
"4,6-Dinitro-o-sec-butyl phenol","4,6-dinitro-o-sec-butylphenol"
"2,2'-Oxybis-(N,N-Dimethylethylamine)","2,2'-oxybis(n,n-dimethylethylamine)"
Dipropylene Glycol Methyl Ether Acetate,dipropyleneglycol methyl ether acetate
"Diethylene Glycol Monobutyl Ether, Acetate",diethylene glycol monobutyl ether acetate
"Toluene-2,4-Diisocyanate (TDI)","Toluene 2,4-diisocyanate"
"3,3'-Dichlorobenzidine and its salts","3,3'-Dichlorobenzidine"
DIETHYLENE GLYCOL MONOBUTYL ETHER (BUTYL CARBITOL),2-(2-Butoxyethoxy)ethanol
"P-XYLENE-⍺,⍺'-DIAMINE","1,4-Benzenedimethanamine"
Dichlorodiphenyltrichloroethane (DDT),DDT
Acrylonitrile (PEL),Acrylonitrile
n-Propyl Benzene,Propylbenzene
p-Bromobenzylbromide,4-Bromobenzyl bromide
FORMALDEHYDE (STEL LEVEL),Formaldehyde
dipropylene glycol mono-n-butyl ether,1-[(1-Butoxy-2-propanyl)oxy]-2-propanol
Acrylonitrile (CEILING),Acrylonitrile
Ethylene Oxide (PEL),Ethylene oxide
"Trimethyl Benzene(1,2,4)","1,2,4-Trimethylbenzene"
"Tetrachlorodibenzodioxin (All isomers except 2,3,7,8-TCDD)",Tetrachlorodibenzodioxin
N-Nitroso-N-propyl-n-butylamine,N-Nitroso-N-butyl-N-propylamine
N-Aminoethylpiperazine,1-(2-Aminoethyl)piperazine
Acrylonitrile (ACTION LEVEL),Acrylonitrile
Hexane (n-Hexane),n-Hexane
2-METHYLBUTANE (ISOPENTANE),2-Methylbutane
Diaminocyclohexane,"1,2-Cyclohexanediamine"
4-Nitrodiphenylamine,4-Nitro-N-phenylaniline
Tetrachloroethylene (Perchloroethylene),Tetrachloroethylene
Vinyl Chloride (PEL),Vinyl chloride
Tri(Dimethylaminomethyl)phenol,"2,4,6-Tris(dimethylaminomethyl)phenol"
FORMALDEHYDE (ACTION LEVEL),Formaldehyde
Ethylene Oxide (ACTION LEVEL),Ethylene oxide
Safrotin,Propetamphos
D & C Red #19,Rhodamine B
Ficam,Bendiocarb
tert-Butylperoxide,Di-tert-butyl peroxide
1-CHLORO-4-TRIFLUOROMETHYLBENZENE,1-Chloro-4-(trifluoromethyl)benzene
Hydrogen Fluoride (as F),Hydrogen fluoride
Vinyl Chloride (ACTION LEVEL),Vinyl chloride
"ETHYLENE GLYCOL, VAPOR",Ethylene glycol
D and C Red #19,Rhodamine B
Ethylene Oxide (EL),Ethylene oxide
Trially Isocyanurate,Triallyl isocyanurate
Carbon Monoxide (by COHb),Carbon monoxide
Bronkosol,"4-{1-Hydroxy-2-[(propan-2-yl)amino]butyl}benzene-1,2-diol--hydrogen chloride (1/1)"
Benzo (alpha) Pyrene,Benzo[a]pyrene
Heptane (n-Heptane),Heptane
ROSIN CORE SOLDER PYROLYSIS PRODUCTS (AS FORMALDEHYDE),Formaldehyde
"Tetrakis(methylene(3,5-di-t-butyl-4-hydroxyhydrocinnamte))methane",Irganox 1010
Sodium o-Phenyl Phenate,Sodium 2-phenylphenate
Direct Brown 95,C.I. Direct Brown 95
"Pindone (2-Pivalyl-1,3-indandione)",Pindone
"Dimethylaniline (N,N-Dimethylaniline)","N,N-Dimethylaniline"
Dichlorvos (DDVP),Dichlorvos
Cyanide (as Cn),Cyanide
Caprolactam (Vapor),Caprolactam
Scopolamine methyl nitrate,Methylscopolamine nitrate
5-Methyl-o-Anisidine,2-Methoxy-5-methylaniline
Hydrogen Selenide (as Se),Hydrogen selenide
